<module name="item">

	<enum name="EItemQuality" comment="道具品质"> 道具的品质
		<var name="WHITE" alias="白" comment="白"/>
		<var name="GREEN" alias="绿"/>
		<var name="BLUE" alias="蓝"/>
		<var name="PURPLE" alias="紫"/>
		<var name="GOLDEN" alias="金"/>
	</enum>
	
	<enum name="ECurrencyType">

	
		<var name="DIAMOND" alias="钻石" value="1"/>
		<var name="GOLD" alias="金币" value="2"/>
		<var name="SILVER" alias="银币" value="3"/>
		<var name="EXP" alias="经验" value="4"/>
		<var name="POWER_POINT" alias="能量点" value="5"/>
	</enum>
	
	<enum name="EMajorType">
		<var name="CURRENCY" alias="货币" value="1"/> 
		<var name="CLOTH" alias="服装" value="2"/>
		<var name="QUEST" alias="任务" value="3"/>
		<var name="CONSUMABLES" alias="消耗品" value="4"/>
		<var name="TREASURE_BOX" alias="宝箱" value="5"/>
		<var name="ACHIEVEMENT_AND_TITLE" alias="成就和称谓" value="6"/>
		<var name="HEAD_FRAME" alias="头像框" value="7"/>
		<var name="VOICE" alias="语音" value="8"/>
		<var name="ACTION" alias="动作" value="9"/>
		<var name="EXPANSION" alias="扩容道具" value="10"/>
		<var name="MATERIAL" alias="制作材料" value="11"/>
	</enum>
	
	<enum name="EMinorType">
		<var name="DIAMOND" alias="钻石" value="101"/>
		<var name="GOLD" alias="金币" value="102"/>
		<var name="SILVER" alias="银币" value="103"/>
		<var name="EXP" alias="经验" value="104"/>
		<var name="POWER_POINT" alias="能量点" value="105"/>
		<var name="HAIR_STYLE" alias="发型" value="210"/>
		<var name="COAT" alias="外套" value="220"/>
		<var name="UPPER_JACKET" alias="上衣" value="230"/>
		<var name="TROUSERS" alias="裤子" value="241"/>
		<var name="SKIRT" alias="裙子" value="242"/>
		<var name="SOCKS" alias="袜子" value="250"/>
		<var name="SHOES" alias="鞋子" value="260"/>
		<var name="HAIR_ACCESSORY" alias="发饰" value="271"/>
		<var name="HAT" alias="帽子" value="272"/>
		<var name="EARRING" alias="耳饰" value="273"/>
		<var name="NECKLACE" alias="颈饰" value="274"/>
		<var name="BRACELET" alias="腕饰" value="275"/>
		<var name="HAIR_CLASP" alias="发箍" value="276"/>
		<var name="GLOVE" alias="手套" value="277"/>
		<var name="HANDHELD_OBJECT" alias="手持物" value="278"/>
		<var name="SPECIAL" alias="特殊" value="279"/>
		<var name="BASE_COSMETIC" alias="底妆" value="281"/>
		<var name="EYEBROW_COSMETIC" alias="眉妆" value="282"/>
		<var name="EYELASH" alias="睫毛" value="283"/>
		<var name="COSMETIC_CONTACT_LENSES" alias="美瞳" value="284"/>
		<var name="LIP_COSMETIC" alias="唇妆" value="285"/>
		<var name="SKIN_COLOR" alias="肤色" value="286"/>
		<var name="ONE_PIECE_DRESS" alias="连衣裙" value="290"/>
		<var name="SWITCH_CLOTHES_SCENE" alias= "换装场景" value="291"/>
		<var name="QUEST" alias="任务道具" value="301"/>
		<var name="CAST" alias="投掷物" value="401"/>
		<var name="SWORD" alias="刀剑" value="421"/>
		<var name="BOW_ARROW" alias="弓箭" value="422"/>
		<var name="WANDS" alias="法杖" value="423"/>
		<var name="SPECIAL_TOOL" alias="特殊工具" value="424"/>
		<var name="FOOD" alias="食物" value="403"/>
		<var name="TREASURE_BOX" alias="宝箱" value="501"/>
		<var name="KEY" alias="钥匙" value="502"/>
		<var name="MULTI_CHOOSE_TREASURE_BOX" alias="多选一宝箱" value="503"/>
		<var name="ACHIEVEMENT" alias="成就相关" value="601"/>
		<var name="TITLE" alias="称谓相关" value="602"/>
		<var name="AVATAR_FRAME" alias="头像框" value="701"/>
		<var name="VOICE" alias="语音" value="801"/>
		<var name="IDLE_POSE" alias="特殊待机动作" value="901"/>
		<var name="PHOTO_POSE" alias="拍照动作" value="902"/>
		<var name="BAG" alias="背包" value="1001"/>
		<var name="FRIEND_CAPACITY" alias="好友数量" value="1002"/>
		<var name="CONSTRUCTION_MATERIAL" alias="制作材料" value="1101"/>
		<var name="DESIGN_DRAWING" alias="设计图纸" value="1102"/>
	</enum>
	
	<enum name="EClothersStarQualityType">
		<var name="ONE" alias="一星" value="1" />
		<var name="TWO" alias="二星" />
		<var name="THREE" alias="三星" />
		<var name="FOUR" alias="四星" />
		<var name="FIVE" alias="五星" />
		<var name="SIX" alias="六星" />
		<var name="SEVEN" alias="七星" />
		<var name="EIGHT" alias="八星" />
		<var name="NINE" alias="九星" />
		<var name="TEN" alias="十星" />
	</enum>	
	
	<enum name="EClothersTag">风格标签
		<var name="FANG_SHAI" alias="防晒" value="1" />
		<var name="WU_ZHE" alias="舞者" />
	</enum>
	
	<enum name="EUseType"> 使用类型
		<var name="MANUAL" alias="手动"/>
		<var name="AUTO" alias="自动"/>
	</enum>

	<enum name="EClothesHidePartType"> 服装隐藏部位类型
		<var name="CHEST" alias="胸部" value="0"/>
		<var name="HEAD" alias="手"/>
		<var name="SPINE_UPPER" alias="脊柱上"/>
		<var name="SPINE_LOWER" alias="脊柱下"/>
		<var name="HIP" alias="臀部"/>
		<var name="LEG_UPPER" alias="腿上"/>
		<var name="LEG_MIDDLE" alias="腿中"/>
		<var name="LEG_LOWER" alias="腿下"/>
	</enum>

	<enum name="EClothesPropertyType">服装属性
		<var name="JIAN_YUE" alias="简约" value="1" />
		<var name="HUA_LI" alias="华丽" />
		<var name="KE_AI" alias="可爱" />
		<var name="CHENG_SHU" alias="成熟" />
		<var name="HUO_PO" alias="活泼" />
		<var name="YOU_YA" alias="优雅" />
		<var name="QING_CHUN" alias="清纯" />		
		<var name="XING_GAN" alias="性感" />
		<var name="QING_LIANG" alias="清凉" />
		<var name="BAO_NUAN" alias="保暖" />
	</enum>
	
	<bean name="Item" comment="道具">
		<var name="id" type="int" comment="道具id"/>
		<var name="name" type="string"/>
		<var name="major_type" type="EMajorType" group="c,s"/>
		<var name="minor_type" type="EMinorType"/>
		<var name="max_pile_num" type="int" group="s"/>
		<var name="quality" type="EItemQuality"/>
		<var name="icon" type="string" group="c"/>
		<var name="icon_backgroud" type="string"/>
		<var name="icon_mask" type="string"/>
		<var name="desc" type="string"/>
		<var name="show_order" type="int"/>

	</bean>
	
	<table name="TbItem" value="Item" input="通用道具表@item/道具系统表.xlsx" comment="道具表"/>
	

</module>